0,1,2,3,4,5,6,7,8,9,10,11,12,13,14,15,16,17,18,19,20,21,22,23
5.023443,0.01638788,5.02342968,5.023469728,0.225,2.102478282,36.61635062,1.049075696,1.049084059,1.000005321,1.049081278,0.000125624,1.11E-08,9.363712244,228.0880121,6232.800704,41.13241995,7232.951533,9760.440133,0.741047682,0.006599348,-0.070082662,14770.58723,0
5.021832,0.015424901,5.021820199,5.021855687,0.215,2.444810803,40.96675578,1.049412872,1.049420288,1.000004717,1.049417822,0.000113654,1.09E-08,9.727607806,184.6063559,6422.050861,38.35378288,7361.092911,9769.966379,0.753440966,0.005972202,-3.512950465,16448.26129,0
5.022119,0.015108364,5.022107663,5.022141723,0.235,1.531793044,33.23641148,1.049353103,1.04936022,1.000004525,1.049357851,0.000109559,1.08E-08,10.46328077,221.9179913,6450.027908,37.62605936,7384.09167,9785.414273,0.754601846,0.005833472,-3.757371689,17042.93135,0
5.023348,0.016018007,5.023335266,5.023373536,0.255,1.748764889,32.03448173,1.057058561,1.057066614,1.000005083,1.057063934,0.000122926,1.05E-08,7.32573481,129.6418222,6184.275625,40.72542187,7192.885462,9760.141423,0.736965291,0.006585318,2.251592428,15154.6949,0
5.024018,0.016527038,5.024004476,5.024045181,0.245,3.080533466,51.97651272,1.064878959,1.064887586,1.00000541,1.06488472,0.000128167,1.09E-08,6.616453317,100.5119225,6204.455793,41.49159174,7206.068135,9763.427905,0.738067429,0.006687386,2.040804608,14590.74213,0
5.022966,0.015857112,5.022953536,5.022991027,0.255,2.615321474,52.02974106,1.06510244,1.06511039,1.000004983,1.065107747,0.000118168,1.12E-08,8.020911022,132.5270589,6421.952246,39.19185613,7364.772864,9776.456764,0.753317182,0.006102795,-3.77565241,15842.68154,0
5.022432,0.015543151,5.022420014,5.022456049,0.255,2.151486517,42.36250611,1.065215892,1.065223535,1.000004788,1.065220993,0.000114753,1.10E-08,10.08190353,217.8607906,6457.029753,38.50526452,7390.101116,9779.686924,0.755658251,0.005963309,-4.535068517,16243.43918,0
5.022527,0.015475407,5.022515127,5.022550839,0.24,2.605010788,42.79538271,1.065195788,1.065203362,1.000004746,1.065200844,0.000114289,1.09E-08,8.631377062,152.1680645,6456.001252,38.40331895,7388.116324,9783.293201,0.755176828,0.005948468,-4.009787325,16362.6258,0
5.023917,0.015788351,5.02390462,5.023941806,0.23,1.228689694,24.51538867,1.044996181,1.045003916,1.000004938,1.045001341,0.000120086,1.05E-08,5.422059838,62.16716345,6207.723936,40.10128098,7206.051937,9751.738008,0.738950527,0.006459901,1.553276248,15606.57577,0
5.023743,0.016419711,5.023729605,5.023769831,0.24,1.002201331,32.92533919,1.049013028,1.049021427,1.000005341,1.04901863,0.000127742,1.06E-08,5.875994251,75.54205047,6232.175766,41.4662963,7231.90163,9768.652557,0.740317212,0.006653583,0.603071816,14565.02976,0
5.022621,0.015993934,5.0226083,5.022646463,0.24,1.633325622,34.63153681,1.04924765,1.049255623,1.00000507,1.04925297,0.000119704,1.12E-08,6.954110741,91.5230742,6444.380892,39.3883708,7381.780832,9791.222672,0.753918186,0.006112049,-3.319306141,15581.80438,0
5.022913,0.015115134,5.022901649,5.02293574,0.2,1.150547607,23.7749652,1.047196355,1.047203463,1.000004527,1.047201096,0.000109409,1.09E-08,9.378977346,183.0861535,6448.24734,37.53608912,7379.553821,9773.69902,0.755042058,0.00582113,-4.070135439,17149.96026,0
5.02328,0.015254012,5.023268442,5.023303158,0.235,1.249454951,30.95676982,1.051101204,1.051108469,1.00000461,1.05110605,0.00011192,1.07E-08,8.655918865,148.5654686,6457.158382,38.01928227,7389.861582,9786.213088,0.755129846,0.005887928,-4.054893553,16712.05612,0
5.024336,0.016784733,5.024322055,5.024364033,0.26,3.15095438,47.72482114,1.060830777,1.06083964,1.00000558,1.060836696,0.000130572,1.11E-08,7.124468459,122.4347676,6299.915135,41.88958754,7288.879765,9802.570836,0.743568181,0.00664923,-0.401317249,14219.18445,0
5.025356,0.017432833,5.025340988,5.025386234,0.26,4.152666487,66.14346856,1.068574583,1.068584204,1.000006016,1.068581012,0.000137784,1.14E-08,5.827419968,77.0518739,6239.082004,43.18229434,7242.910865,9799.613061,0.73910172,0.006921258,1.431828617,13506.00868,0
5.024671,0.016182643,5.024658036,5.024697057,0.26,3.208563277,60.71129504,1.068721147,1.068729446,1.000005186,1.068726689,0.000122005,1.13E-08,8.271974118,134.1567651,6309.340068,40.32459064,7289.42312,9778.756347,0.745434579,0.006391253,-1.207693238,15201.29924,0
5.023788,0.014817996,5.023777099,5.023809851,0.2,1.54843066,22.13623341,1.049004671,1.04901151,1.00000435,1.049009234,0.000105283,1.09E-08,7.648554054,100.5960179,6483.974604,36.46694821,7394.120197,9747.285501,0.758582499,0.005624166,-5.094973677,17954.78759,0
5.023786,0.015093342,5.023774692,5.023808671,0.245,1.693698155,34.53891127,1.050995439,1.051002548,1.000004513,1.051000182,0.000108776,1.09E-08,8.215219995,116.6748361,6507.84856,37.36159765,7428.648047,9796.039714,0.758331761,0.005741006,-5.40424922,17219.90756,0
5.025421,0.016653243,5.025407243,5.02544859,0.25,1.720535131,34.46785183,1.052642347,1.052651008,1.00000549,1.052648126,0.000129409,1.10E-08,5.920854061,79.81565942,6246.177357,41.80818025,7247.186771,9777.432352,0.741215741,0.006693403,-0.131294846,14352.70194,0
5.025888,0.016370652,5.025874711,5.025914659,0.22,1.943357085,28.79771144,1.052544732,1.052553098,1.000005304,1.052550315,0.000125886,1.09E-08,5.409018993,65.12004106,6224.966019,41.23059275,7228.702637,9763.345629,0.740391963,0.006623425,0.125001199,14724.7382,0
5.02443,0.015825301,5.024417573,5.02445492,0.2,1.741502452,30.20117589,1.048869994,1.04887779,1.00000496,1.048875196,0.000117639,1.12E-08,6.983528556,92.11932898,6455.577311,38.88472142,7384.276392,9778.944104,0.755120012,0.006023431,-3.563210327,15935.99776,0
5.024411,0.015882642,5.024398479,5.024436101,0.2,1.531499388,27.3965215,1.048873922,1.048881776,1.000004996,1.048879162,0.000116211,1.17E-08,10.47945888,227.6597524,6463.051157,38.78143948,7396.827054,9794.012348,0.755239711,0.006000485,-3.994053925,16009.36258,0
5.024746,0.015739767,5.024733712,5.024770649,0.24,1.954074869,35.16628939,1.062735072,1.062742885,1.000004906,1.062740286,0.000115916,1.13E-08,9.21915968,183.4980578,6376.105104,38.94008573,7330.485003,9772.623102,0.750104135,0.00610719,-2.401397768,16107.78289,0
5.026462,0.016050181,5.02644922,5.026487623,0.24,1.599662314,27.93609275,1.062372058,1.062380175,1.000005098,1.062377473,0.000121954,1.09E-08,6.470782916,89.27762772,6227.672393,40.45899691,7225.401381,9751.603314,0.740944965,0.006496648,-0.007859196,15335.79818,0
5.026433,0.015581104,5.02642095,5.026457147,0.15,1.29255034,11.5656733,1.034525879,1.034533329,1.000004804,1.034530849,0.000115677,1.09E-08,6.206127104,76.49993108,6274.297074,39.2263538,7257.309161,9751.850198,0.744198179,0.006251912,-1.04917763,16163.06025,0
5.024871,0.014817062,5.024860089,5.024892844,0.185,0.680834217,15.18890933,1.02688757,1.026894264,1.000004347,1.026892034,0.000104773,1.10E-08,9.320853434,176.9818722,6471.674173,36.56259845,7392.008389,9761.715825,0.757244784,0.005649635,-4.932839159,17937.90811,0
5.02491,0.015065012,5.024898716,5.024932581,0.235,0.451746327,22.88521241,1.046780214,1.046787268,1.000004494,1.046784918,0.000106363,1.14E-08,11.18078669,240.3751002,6478.223814,37.07134667,7408.650225,9786.427682,0.757033155,0.005722455,-5.494478205,17475.41473,0
5.026088,0.016088572,5.026075143,5.026113747,0.205,0.875007708,19.80898829,1.046534214,1.046542252,1.000005123,1.046539575,0.000122058,1.10E-08,7.154124033,112.9850907,6222.48664,40.54207036,7223.959787,9757.838824,0.740323746,0.006515413,0.231337108,15275.88018,0
5.02639,0.015952848,5.026377366,5.026415313,0.195,1.152156997,18.57419571,1.042492447,1.042500318,1.000005036,1.042497697,0.000120785,1.09E-08,6.148359492,80.21035302,6216.965773,40.29675267,7217.65702,9753.200582,0.740029589,0.00648174,0.473446796,15461.96409,0
5.02559,0.01604237,5.025577256,5.025615602,0.26,2.864110151,43.54461833,1.068525814,1.068533967,1.000005094,1.068531257,0.000115986,1.23E-08,12.10635808,280.5825125,6432.419001,38.91808429,7377.98528,9793.343737,0.753367336,0.006050303,-3.771930067,15990.02087,0
5.025829,0.016329097,5.0258158,5.025855524,0.25,3.00114975,45.5892773,1.068474805,1.06848325,1.000005278,1.068480444,0.000121559,1.19E-08,9.122277029,165.5246122,6426.109338,39.68318623,7365.428339,9779.57627,0.753143913,0.006175305,-2.922314918,15294.55283,0
5.027424,0.016405217,5.02741065,5.027450764,0.22,1.51916248,25.6755226,1.052223134,1.05223153,1.000005324,1.052228736,0.000125113,1.13E-08,8.470095512,189.0698929,6236.211306,41.14679781,7240.343324,9781.204652,0.740230225,0.006598044,0.452229329,14796.0914,0
5.027395,0.016262547,5.02738188,5.0274213,0.225,1.463149489,25.8697089,1.052229301,1.052237552,1.000005231,1.052234806,0.000123811,1.11E-08,9.138196549,205.8618293,6242.254553,40.96171117,7246.895839,9784.51174,0.740649716,0.006562006,0.04280493,14979.4547,0
5.026154,0.015613861,5.026141905,5.02617825,0.21,1.673182121,25.9050711,1.046520783,1.046528351,1.000004825,1.046525833,0.000111894,1.19E-08,15.39656673,500.0947897,6477.389037,38.31381619,7421.301608,9821.209969,0.755640255,0.005915009,-5.283082309,16524.6298,0
5.02635,0.016212458,5.026336958,5.026376144,0.21,1.482590186,28.56836122,1.048469086,1.04847726,1.000005201,1.048474539,0.000118241,1.23E-08,15.47621704,534.2754767,6478.922424,39.45562943,7425.785344,9830.343963,0.755394254,0.006089844,-5.052280657,15552.99679,0
5.026763,0.017147631,5.026748423,5.026792245,0.28,1.902775797,47.55074111,1.064297019,1.064306297,1.000005818,1.064303211,0.000130842,1.23E-08,9.575094189,194.4884082,6329.048967,42.10313523,7321.544771,9820.293725,0.745552524,0.006652364,-1.95959513,14037.70523,0
5.027751,0.016856465,5.027736901,5.027779254,0.285,1.272818145,43.68821337,1.064088085,1.064097049,1.00000562,1.064094065,0.000129421,1.17E-08,6.224542601,82.58206632,6247.273289,41.87347839,7250.958864,9789.435803,0.740692213,0.006702681,0.207391046,14307.02266,0
5.027234,0.016129329,5.027221085,5.027259872,0.255,1.070841143,26.91554314,1.052263089,1.052271207,1.000005146,1.052268504,0.000118356,1.20E-08,11.04682746,248.1422158,6312.866142,39.92714565,7302.165313,9801.637443,0.744994431,0.006324726,-1.585151224,15617.11833,0
5.026356,0.015710695,5.02634377,5.026380551,0.215,2.451706493,31.84766272,1.052447173,1.052454874,1.000004884,1.052452313,0.000109773,1.26E-08,15.93957271,498.175799,6463.063005,37.99252548,7410.827766,9821.879139,0.754522394,0.005878409,-4.72575644,16796.11437,0
5.026676,0.015765655,5.026663677,5.026700721,0.185,2.008055318,29.41275723,1.042433256,1.042440938,1.000004918,1.042438383,0.000110256,1.27E-08,19.65141065,754.1134841,6496.126524,38.0877485,7440.229251,9840.020887,0.756119254,0.005863148,-5.410004925,16672.04283,0
5.027872,0.016669715,5.027858202,5.027899631,0.215,0.809642834,25.32973773,1.044173588,1.044182192,1.000005496,1.044179327,0.000125903,1.19E-08,9.146460915,183.4008964,6304.689251,41.30325365,7300.606299,9822.430282,0.743258653,0.006551196,-0.523971933,14628.50985,0
5.028093,0.016222813,5.028079928,5.028119168,0.215,0.613214465,22.04184465,1.044127998,1.044136146,1.000005204,1.044133432,0.000119966,1.19E-08,11.96879095,301.9996192,6301.778709,40.33243154,7298.779487,9811.202116,0.743923059,0.006400166,-1.358289634,15353.61638,0
5.027084,0.015898497,5.027071477,5.027109137,0.25,2.379016474,42.74313193,1.068208359,1.068216361,1.000005,1.0682137,0.00011086,1.30E-08,16.4106874,519.4533983,6502.431326,38.08423497,7440.754726,9815.730266,0.758043928,0.005856922,-6.704186108,16567.96724,0
5.027,0.016587571,5.026986391,5.027027364,0.25,3.349359317,48.52196613,1.068225735,1.068234442,1.000005443,1.06823155,0.00012042,1.30E-08,13.02587172,337.8484387,6471.863821,39.83974809,7420.619917,9834.47877,0.75455142,0.006155838,-4.308641864,15180.52612,0
5.026872,0.016792374,5.026858012,5.026900045,0.24,1.531846468,32.55060787,1.050349112,1.050357895,1.000005579,1.050354972,0.00012388,1.28E-08,15.00644317,495.6064324,6433.735828,40.62143647,7396.829995,9837.127116,0.751929899,0.006313818,-3.737503808,14788.41,0
5.028137,0.017304022,5.028122152,5.028166772,0.285,1.591473005,44.81629241,1.067983669,1.067993147,1.000005921,1.067989993,0.000134722,1.18E-08,6.205115797,82.01373076,6284.906326,42.66282517,7280.812322,9806.33474,0.742460105,0.00678814,-0.183784549,13752.64092,0
5.028116,0.016854642,5.028101944,5.028144246,0.28,2.951402657,60.23409561,1.067988454,1.067997439,1.000005618,1.067994454,0.000128336,1.19E-08,10.41213437,227.7690182,6310.390926,41.73672539,7307.145366,9822.177878,0.743943498,0.006613968,-1.165026179,14343.9268,0
5.026671,0.015352893,5.026659314,5.026694444,0.28,2.075060025,40.36470364,1.068296484,1.06830395,1.000004664,1.068301466,0.000108451,1.18E-08,9.305762206,148.5954595,6484.191024,37.33733772,7409.395515,9775.954421,0.757920423,0.005758211,-5.835571705,17231.78692,0
5.026512,0.014987205,5.026500847,5.026534341,0.17,1.084768599,14.44450456,1.036499434,1.036506341,1.000004445,1.036504041,0.000103024,1.18E-08,11.4041517,236.0354398,6457.677366,36.42254444,7387.711194,9765.993645,0.75647307,0.005640193,-5.462438047,18186.54579,0
5.027506,0.015865848,5.027493487,5.027531032,0.215,0.212292082,20.01434401,1.036293952,1.036301691,1.000004979,1.036299111,0.00011753,1.14E-08,8.279212916,165.5647006,6196.415215,39.82319452,7203.403711,9749.306289,0.738863207,0.006426812,0.777654787,15836.52344,0
5.027722,0.015806825,5.027709577,5.027746845,0.215,0.040053431,20.76544773,1.036249469,1.03625715,1.000004942,1.03625459,0.000117132,1.13E-08,10.1737767,254.320638,6246.925933,39.82392198,7250.092068,9765.516522,0.742417675,0.006374963,-1.470175481,15807.42619,0
5.02652,0.016189991,5.026507013,5.026546071,0.23,2.389045745,39.66035938,1.062359705,1.06236796,1.000005187,1.062365215,0.000118562,1.22E-08,10.08020956,197.4176455,6469.207944,39.4578933,7415.008787,9814.966284,0.755479802,0.006099339,-5.275574711,15577.44971,0
5.026018,0.017613481,5.026002661,5.02604886,0.265,3.501685123,59.0348348,1.062464801,1.062474567,1.00000614,1.062471324,0.000134928,1.28E-08,11.28961665,298.9268928,6436.73259,42.20321403,7391.345524,9827.386717,0.752117092,0.006556621,-3.008010822,13665.8798,0
5.025615,0.016772296,5.025601069,5.025642985,0.255,2.749986882,51.80400173,1.058571016,1.058579845,1.000005568,1.05857691,0.000125733,1.23E-08,11.81718342,310.127833,6460.507344,40.4661519,7400.126759,9803.227024,0.754866407,0.006263618,-4.123654094,14787.53435,0
5.027063,0.015694224,5.027050782,5.027087496,0.205,1.618569923,22.10109513,1.05229917,1.052306855,1.000004873,1.052304298,0.000117856,1.07E-08,6.941348313,113.7355711,6254.097296,39.56777508,7238.636403,9734.535547,0.743603675,0.006326696,-1.107932319,15983.32744,0
5.0271,0.015905197,5.027087453,5.027125159,0.205,1.691131687,23.29515667,1.052291286,1.052299179,1.000005005,1.052296553,0.0001199,1.09E-08,8.202747335,158.9896252,6261.54935,40.1114094,7254.368745,9769.827146,0.74252785,0.006405988,-0.418475462,15511.17961,0
5.025439,0.015695602,5.025426783,5.025463508,0.225,2.004747535,34.34280693,1.060598687,1.060606438,1.000004877,1.06060386,0.000115244,1.14E-08,7.853627104,113.5469636,6447.790093,38.46668808,7376.559054,9770.188202,0.755006854,0.005965872,-3.582229975,16243.53287,0
5.025311,0.015501849,5.025299087,5.025334907,0.23,2.299508266,41.34019433,1.060625829,1.060633389,1.000004757,1.060630874,0.000111851,1.15E-08,11.04848082,241.2284939,6476.749153,38.17267325,7414.577086,9803.746221,0.75630039,0.005893801,-5.441478737,16616.93769,0
5.025939,0.016551909,5.025925425,5.025966252,0.3,2.402806335,53.95163851,1.072430599,1.072439311,1.000005422,1.072436414,0.00012644,1.14E-08,8.550596148,163.8357681,6246.738507,41.39526353,7250.802916,9784.797159,0.741027412,0.0066267,-0.099424506,14607.72668,0
5.02649,0.0167143,5.026476166,5.026517787,0.3,2.690126098,58.66777439,1.072312927,1.072321806,1.000005528,1.072318855,0.000129417,1.12E-08,5.158699883,59.3477483,6224.20818,41.72708159,7224.578636,9759.655837,0.740249324,0.006703998,0.513592906,14356.19615,0
5.025564,0.015764097,5.025551688,5.025588722,0.26,2.637876171,45.71552251,1.066541712,1.066549572,1.000004919,1.066546959,0.000117326,1.11E-08,7.131053757,99.16625813,6396.586003,39.30224963,7354.044021,9794.695583,0.750819049,0.006144254,-3.050938172,15859.09424,0
5.024626,0.015646872,5.02461386,5.02465036,0.23,2.162535736,35.10903037,1.054799761,1.054807424,1.000004848,1.054804875,0.00011449,1.14E-08,9.282220603,163.2197614,6494.898618,38.42453191,7421.562064,9804.539934,0.756951587,0.00591611,-4.541391197,16269.29457,0
5.024459,0.015472274,5.024447135,5.02448282,0.205,2.500161388,32.09245083,1.046873915,1.04688135,1.000004741,1.046878878,0.000113372,1.11E-08,9.732601152,198.6185192,6476.365215,38.13022559,7400.510649,9780.944973,0.756625323,0.005887597,-4.247010014,16446.49684,0
5.025487,0.015982127,5.02547431,5.025512411,0.235,0.832921503,26.14648459,1.046659439,1.046667374,1.000005056,1.046664731,0.00012161,1.08E-08,5.299707565,60.43975062,6213.119611,40.41118703,7213.288314,9755.388766,0.739415772,0.00650417,1.050400667,15369.83279,0
5.025289,0.015717544,5.025276712,5.025313577,0.21,0.084624508,19.75567811,1.036751224,1.036758829,1.000004891,1.036756294,0.000117308,1.09E-08,6.504210084,91.42486941,6211.440606,39.70738574,7212.662644,9752.043854,0.739605231,0.006392621,0.693226844,15965.52233,0
5.023987,0.01512735,5.023975621,5.024009772,0.22,0.492746055,24.72920275,1.039010718,1.039017781,1.000004533,1.039015427,0.00010907,1.10E-08,8.179611526,124.9898096,6481.27946,37.36488789,7403.195794,9775.090074,0.757353205,0.005765048,-4.929709961,17194.93792,0
5.023833,0.015173699,5.023821555,5.023855913,0.255,0.745961658,31.38508267,1.052976059,1.05298326,1.000004561,1.052980861,0.000110582,1.08E-08,7.527431089,106.5849801,6466.324743,37.61942895,7389.942402,9772.449469,0.756201649,0.005817745,-4.089601833,16964.00325,0
5.023986,0.015649163,5.023973844,5.02401037,0.235,1.622270529,36.27780423,1.052943686,1.052951342,1.000004851,1.052948794,0.00011805,1.06E-08,6.679209988,89.24835313,6293.700677,39.54355336,7270.256821,9762.219652,0.744733993,0.006283037,-0.571671348,15822.73941,0
5.025295,0.016838685,5.025280955,5.025323209,0.265,2.605131786,47.09126498,1.064608141,1.064617093,1.000005613,1.064614117,0.000131547,1.10E-08,5.705470357,74.44354397,6285.747726,42.0947251,7278.795875,9790.682404,0.743441118,0.006696852,-0.846565768,14088.87574,0
5.024797,0.016076835,5.024784208,5.024822716,0.245,3.30652544,49.50603394,1.06471418,1.06472234,1.000005118,1.064719629,0.000120134,1.14E-08,8.399802521,141.8069026,6344.48241,40.11019007,7324.234943,9799.809756,0.747385421,0.006322059,-2.521176183,15389.02543,0
5.023264,0.014896593,5.02325299,5.023286086,0.26,2.093775722,42.22920287,1.057076963,1.057083928,1.000004397,1.057081611,0.000107042,1.07E-08,8.529627653,132.007743,6484.349182,37.04386088,7407.195131,9783.561529,0.757106204,0.005712811,-4.72491369,17497.26203,0
5.023324,0.015193226,5.023312539,5.023346974,0.255,1.546410551,32.41384053,1.055073446,1.055080678,1.000004573,1.055078271,0.000110035,1.10E-08,8.21415631,121.9062484,6474.434116,37.46142164,7394.056861,9767.970171,0.75696964,0.005786053,-4.395568233,17095.85487,0
5.024784,0.016519099,5.024770452,5.024811151,0.245,1.288403365,32.78845491,1.064716631,1.064725255,1.000005403,1.064722384,0.000126973,1.12E-08,5.887920231,78.72733153,6215.14264,41.38295696,7219.105291,9759.569741,0.739695036,0.006658408,0.495407829,14676.37735,0
5.024825,0.016931569,5.024810783,5.024853523,0.28,1.975801244,50.88832503,1.064707653,1.064716709,1.000005676,1.064713696,0.000132155,1.12E-08,6.153537287,88.03532196,6217.422724,42.22432757,7221.307125,9772.650033,0.73893029,0.006791291,1.224983997,14118.11404,0
5.022986,0.015737489,5.022973713,5.023010651,0.275,2.111413533,53.11282134,1.063107441,1.063115259,1.000004908,1.063112658,0.000117702,1.09E-08,7.205750397,101.5011252,6429.463378,39.00366096,7366.332411,9783.472479,0.752936386,0.006066394,-2.576430617,15902.86936,0
5.022526,0.01530303,5.022514378,5.022549311,0.26,1.978032526,48.51305915,1.061214071,1.061221452,1.000004641,1.061218996,0.000112249,1.08E-08,7.698895751,107.4201413,6446.423134,38.00889495,7377.441198,9772.088385,0.754950314,0.005896122,-3.811061637,16645.32617,0
5.022509,0.015774023,5.022496663,5.022533768,0.245,2.509549456,48.04334438,1.061217355,1.061225195,1.000004931,1.061222588,0.000117423,1.11E-08,9.396590186,191.8364892,6360.560893,39.3216068,7322.872019,9784.574952,0.748409824,0.006182097,-1.732581923,15895.64967,0
5.023881,0.016107569,5.023868122,5.023906819,0.21,1.609825616,27.98805799,1.046993941,1.047002006,1.000005139,1.046999322,0.000123166,1.08E-08,5.979849126,78.94732357,6195.140382,40.7395175,7201.05448,9753.88246,0.738275708,0.006576044,1.38577688,15132.87086,0
5.023534,0.015461395,5.023522135,5.023557791,0.24,1.7571487,35.77793017,1.064982274,1.064989833,1.000004736,1.064987318,0.000114737,1.07E-08,9.249560824,198.6276419,6218.476075,39.30495017,7220.384175,9749.345308,0.740601953,0.006320672,-0.029820789,16172.05277,0
5.021974,0.015483129,5.021962117,5.021997865,0.24,2.815279063,53.23016891,1.065313077,1.065320661,1.000004752,1.06531814,0.000115877,1.05E-08,10.49257712,252.2232992,6427.705849,38.79739657,7369.21597,9783.020932,0.75326589,0.006035963,-3.42923992,16099.51249,0
5.021844,0.015833658,5.021831572,5.021868959,0.205,2.732988384,46.43117142,1.051401389,1.051409217,1.00000497,1.051406615,0.000120341,1.06E-08,8.061184142,140.4855766,6420.699471,39.2818389,7351.718016,9766.176059,0.752773447,0.006118,-2.009397923,15657.50039,0
5.023152,0.016309246,5.023138809,5.023178474,0.195,2.227593647,33.05905245,1.049136523,1.049144808,1.00000527,1.049142053,0.000124964,1.10E-08,9.212511698,217.935967,6192.924957,41.16817616,7205.191551,9771.479898,0.737369531,0.006647614,1.717701033,14850.30591,0
5.023564,0.016303511,5.023550828,5.023590453,0.245,2.63302679,39.97157506,1.062984742,1.062993126,1.000005266,1.062990339,0.000124535,1.11E-08,8.573997877,198.939564,6203.805562,41.08986856,7214.197865,9773.818315,0.738114587,0.006623333,1.348388642,14900.00543,0
5.021607,0.015505212,5.021595071,5.021630935,0.25,2.201362968,47.06190805,1.063399535,1.063407129,1.000004766,1.063404603,0.000114509,1.09E-08,13.44201684,408.9579083,6429.391737,38.57315323,7370.935595,9785.57994,0.753244635,0.005999503,-3.490256817,16350.33495,0
5.020996,0.015116575,5.020984658,5.021018753,0.25,2.095004184,44.69949525,1.063529188,1.06353641,1.000004532,1.063534008,0.00011098,1.05E-08,12.1173721,307.3543298,6413.273,37.65847909,7342.251046,9760.630885,0.752231196,0.005871959,-1.416294043,17005.24128,0
5.02137,0.014860861,5.021359043,5.021391988,0.23,2.383467179,40.86945486,1.063450137,1.063457115,1.000004379,1.063454794,0.000105586,1.09E-08,17.09615864,556.3601992,6435.575742,36.98312225,7373.638351,9796.954405,0.75264598,0.005746669,-2.375745216,17689.60561,0
5.023084,0.015876213,5.023071493,5.023109087,0.24,1.930110035,35.35791242,1.063086608,1.063094564,1.000004994,1.063091917,0.000120761,1.06E-08,6.988185724,104.7973031,6177.235847,40.30356349,7183.968805,9763.076407,0.73583044,0.00652453,3.354478005,15499.70124,0
5.023026,0.016509712,5.023012497,5.023053129,0.24,2.872734529,45.87135842,1.063098451,1.06310705,1.000005401,1.063104193,0.000127202,1.11E-08,8.618386223,169.1437222,6203.403328,41.42867617,7209.379991,9785.662293,0.736728877,0.006678379,2.990880149,14651.34565,0
5.021326,0.016310988,5.021312849,5.021352489,0.23,4.491417858,67.60283308,1.063458503,1.063466898,1.000005275,1.063464113,0.000123046,1.15E-08,14.26068032,417.1335478,6424.707287,40.07540379,7370.837281,9820.680435,0.750542422,0.006237701,-0.926390785,15071.17963,0
5.020989,0.015778364,5.020976682,5.021013789,0.255,4.052344705,66.85151454,1.06353024,1.0635381,1.000004937,1.063535491,0.000117889,1.10E-08,11.9294085,260.1365056,6409.794547,39.07535085,7351.011834,9800.224239,0.750086085,0.006096194,-0.334095662,15852.27677,0
5.021708,0.015685259,5.021695797,5.021732494,0.255,2.39981408,40.50806553,1.063378029,1.063385799,1.000004878,1.063383215,0.000118046,1.07E-08,16.00633166,577.1003879,6187.04644,40.01113969,7200.076524,9782.148115,0.736042476,0.006466921,2.902393417,15735.02398,0
5.022605,0.015625889,5.022592878,5.022629304,0.265,1.681157061,33.64567552,1.063188158,1.063195869,1.000004839,1.063193303,0.00011478,1.12E-08,14.14478363,401.7320178,6162.85569,39.49266614,7181.163087,9774.627959,0.734673802,0.006408176,3.496751447,16123.83385,0
5.02157,0.015040536,5.02155875,5.021592522,0.215,0.737861908,34.59624914,1.039510868,1.039517859,1.000004485,1.03951553,0.000105307,1.15E-08,20.14377531,734.8159414,6346.441642,37.57042388,7326.755598,9810.602235,0.746820167,0.00591992,-2.07713921,17533.57423,0
5.020747,0.015151071,5.020735591,5.020769858,0.235,1.28239414,44.08464035,1.047648099,1.04765525,1.000004553,1.047652869,0.000107723,1.13E-08,22.73814957,933.767315,6417.696243,37.61211379,7370.164768,9816.443437,0.750797864,0.005860688,-2.103916446,17189.83258,0
5.020973,0.015448856,5.020961162,5.020996765,0.22,2.51853382,43.59978398,1.047600755,1.047608183,1.000004733,1.047605713,0.000111442,1.14E-08,21.84436233,891.613661,6403.368429,38.18402093,7354.344756,9803.812585,0.750151504,0.005963115,-1.391225678,16582.24643,0
5.022494,0.015806484,5.022481609,5.02251887,0.195,2.336064897,30.18855207,1.049274306,1.04928209,1.000004952,1.049279501,0.000117987,1.11E-08,14.9651532,480.8313966,6156.612891,40.14575133,7180.784404,9774.774492,0.734624048,0.006520753,2.974023044,15593.43081,0
5.022572,0.015623995,5.022559874,5.022596299,0.205,1.305827151,21.1639934,1.04925813,1.049265739,1.000004838,1.049263206,0.000116232,1.09E-08,10.10311472,232.7162909,6080.098756,39.94797652,7120.210444,9751.885246,0.730136816,0.006570284,4.522405063,15928.87845,0
5.022748,0.015937186,5.022735391,5.022773282,0.27,1.69858003,40.35375172,1.059175818,1.059183808,1.000005033,1.059181149,0.00011864,1.13E-08,12.07003903,311.9009825,6170.200367,40.20917116,7190.200774,9768.15449,0.736085898,0.006516672,2.017343058,15581.76598,0
5.022754,0.015779746,5.022741655,5.022778785,0.27,2.533560058,52.1431789,1.059174658,1.059182487,1.000004934,1.059179884,0.000117382,1.11E-08,12.02860837,331.3465517,6249.002171,39.70696815,7244.4272,9771.852721,0.741356568,0.006354129,0.343793034,15814.15119,0
5.084492,0.024016236,5.084463748,5.084548714,0.275,1.628423021,18.96834643,1.069908129,1.069926008,1.000011154,1.069920063,0.000175739,2.68E-08,6.557363697,78.32346797,6703.221147,46.67303166,7571.568246,9793.617802,0.77311249,0.006962777,-10.82165701,11323.03875,1
5.084192,0.023343556,5.084165263,5.084245584,0.26,0.93461373,10.05940476,1.062104478,1.062121257,1.000010539,1.062115671,0.000164188,2.75E-08,8.379650131,119.5337765,6721.478965,45.04289205,7585.198229,9801.376486,0.77389112,0.006701336,-11.12142485,12085.51767,1
5.084262,0.023977757,5.084233792,5.084318534,0.255,0.929009012,12.57154879,1.058155575,1.058173212,1.00001112,1.058167341,0.000172319,2.78E-08,9.426770289,178.3189958,6685.090851,46.45330939,7563.94225,9820.347507,0.770231628,0.006948793,-9.385805489,11415.17233,1
5.084388,0.024176102,5.084359351,5.084445472,0.26,1.336039731,15.58891641,1.06009594,1.060113896,1.000011304,1.060107923,0.000174619,2.79E-08,10.17826609,212.9032138,6659.447751,46.74153484,7540.551804,9796.346434,0.769731027,0.00701883,-9.47134995,11278.88453,1
5.084313,0.023992615,5.084284784,5.084369604,0.25,1.334528709,14.89091969,1.060111758,1.060129444,1.000011133,1.06012356,0.00015912,3.22E-08,13.88560655,299.3093852,6647.568279,44.99834729,7544.233644,9844.580829,0.766333659,0.006769144,-7.734986369,11914.95697,1
5.084434,0.023665072,5.084406527,5.084489068,0.25,0.992369094,11.32449016,1.06008685,1.06010406,1.000010831,1.060098331,0.000169939,2.71E-08,8.84232254,147.7230354,6708.039889,45.92327947,7576.794221,9804.722347,0.772769891,0.006846006,-10.6538076,11704.71266,1
5.084406,0.023968409,5.084377858,5.084462489,0.275,1.599827293,18.84270496,1.069926273,1.069944082,1.00001111,1.06993816,0.000172211,2.78E-08,13.53168099,367.0171835,6665.589199,46.60246714,7552.567374,9828.116229,0.768465411,0.0069915,-8.8195782,11391.276,1
5.084701,0.024854222,5.084670763,5.084761738,0.275,1.857930177,22.48693658,1.069863305,1.069882447,1.000011945,1.069876085,0.000177178,3.04E-08,15.66756406,486.6558332,6640.455665,47.58842819,7541.716274,9852.800691,0.765438834,0.00716644,-7.238873622,10789.72289,1
5.084854,0.024569881,5.084824424,5.084913354,0.255,1.46202261,15.53336579,1.061964998,1.061983571,1.000011673,1.061977394,0.000177735,2.88E-08,13.57366319,376.7996112,6641.581713,47.48640052,7536.430694,9835.159923,0.766274341,0.007149863,-7.577707427,10897.73949,1
5.08441,0.024408021,5.084380815,5.08446858,0.255,1.556443632,17.55083859,1.065991443,1.066009844,1.000011521,1.066003725,0.000168418,3.12E-08,15.34181411,418.0483392,6619.185723,46.47975534,7526.023039,9850.039472,0.764060191,0.007021975,-6.967447321,11322.26325,1
5.084329,0.024559521,5.084299488,5.08438831,0.25,2.074935431,23.98249442,1.066008273,1.066026896,1.000011665,1.066020708,0.000175813,2.94E-08,13.23490225,352.2886482,6621.4712,47.26221617,7519.903159,9821.91856,0.76562467,0.007137721,-7.707812528,11041.22805,1
5.084401,0.024240461,5.084372258,5.084458778,0.25,2.217717511,22.6672771,1.065993498,1.066011638,1.000011364,1.066005612,0.000171795,2.92E-08,15.03969876,444.0634723,6617.255542,46.75354382,7517.443305,9828.200851,0.76488499,0.007065398,-7.308654958,11269.91903,1
5.084229,0.023594093,5.084201721,5.08428374,0.25,1.48331841,14.42867455,1.062096507,1.062113641,1.000010767,1.062107942,0.000150663,3.30E-08,22.22688016,788.291994,6589.926989,44.17074566,7508.454556,9861.015352,0.761428138,0.006702767,-6.165742469,12463.26588,1
5.084289,0.023411734,5.08426209,5.084342897,0.23,0.650975268,8.840465069,1.048316392,1.048333053,1.000010601,1.048327505,0.000160715,2.90E-08,11.93524899,296.6934874,6676.915396,44.99867584,7561.771312,9827.74926,0.769430631,0.006739441,-9.598595834,12170.1773,1
5.083755,0.023767761,5.083727299,5.083810554,0.29,1.223171125,16.32197284,1.072030506,1.072048062,1.000010928,1.072042221,0.0001654,2.91E-08,11.06419595,231.6328402,6676.22069,45.75622387,7565.045084,9840.437088,0.768771246,0.006853612,-9.221529654,11797.25862,1
5.083833,0.023719915,5.083805449,5.08388833,0.27,1.828069722,19.6369952,1.072014105,1.072031582,1.000010883,1.072025773,0.000164668,2.91E-08,11.92512532,240.0661634,6654.567933,45.83311606,7552.504526,9844.933812,0.767146298,0.006887467,-8.906060123,11812.69937,1
5.083974,0.023398762,5.083947166,5.08402784,0.26,1.43847653,15.16463411,1.064116911,1.064133797,1.00001059,1.06412818,0.000161319,2.87E-08,15.41187575,460.3909197,6645.84237,45.30975873,7542.770589,9839.171261,0.766606291,0.00681776,-8.464291281,12031.21012,1
5.08356,0.022976492,5.083534094,5.083611919,0.245,0.961655152,12.29915805,1.058302657,1.058318858,1.000010213,1.058313465,0.000145916,3.15E-08,18.36578115,576.4282071,6661.982098,43.27164546,7564.010676,9884.899211,0.76520868,0.006495311,-7.232235274,12926.86893,1
5.084191,0.02318403,5.084164641,5.084243854,0.265,1.175612919,13.27591599,1.066038561,1.06605517,1.000010396,1.066049643,0.000161268,2.77E-08,13.22082292,344.0375937,6705.983345,45.11307616,7588.814021,9856.975229,0.769892776,0.006727287,-9.488923974,12183.82503,1
5.084344,0.023707085,5.084316474,5.084399264,0.26,1.705392953,18.57450736,1.071906378,1.071923832,1.00001087,1.071918029,0.000167963,2.80E-08,13.4000009,362.2782043,6690.911822,46.11068452,7578.061067,9851.282444,0.769246147,0.00689154,-9.247274302,11635.55935,1
5.084017,0.023260865,5.083990499,5.084070207,0.26,1.7569807,19.86393672,1.071975755,1.071992562,1.000010466,1.071986974,0.000156952,2.95E-08,14.71494539,430.3906953,6686.548618,44.41508093,7568.273971,9834.28671,0.769580367,0.006642452,-9.214006881,12361.48348,1
5.084004,0.0232964,5.083977415,5.08405737,0.235,1.683498644,14.81064484,1.070011529,1.070028357,1.000010498,1.070022762,0.000164382,2.72E-08,8.253417191,122.6132848,6722.993166,45.29171874,7594.584177,9831.027585,0.772511735,0.006736838,-10.6879192,12102.46549,1
5.083458,0.023541828,5.08343082,5.083512506,0.255,1.20323207,12.04395383,1.06225764,1.06227471,1.000010722,1.06226903,0.000163647,2.86E-08,9.26741032,155.247169,6715.851514,45.19495569,7588.431392,9835.639142,0.771523973,0.006729594,-9.726974357,12006.97703,1
5.0833,0.023435975,5.083273061,5.083354019,0.275,1.182944309,17.42815078,1.07015958,1.070176623,1.000010627,1.070170952,0.000168768,2.64E-08,7.640136483,109.6989654,6720.059419,45.63445225,7582.786345,9809.251601,0.773023942,0.006790781,-10.20336841,11840.01158,1
5.083537,0.023678169,5.083509523,5.083592138,0.27,1.49133331,16.4623544,1.070109453,1.070126844,1.000010846,1.070121059,0.000170742,2.69E-08,9.479237058,187.3096645,6707.931278,46.10520919,7579.31775,9820.894903,0.771754288,0.006873238,-9.948915215,11641.24219,1
5.083543,0.0237456,5.083515362,5.083598453,0.235,1.416327736,11.65702127,1.05830546,1.058322758,1.000010908,1.058317004,0.0001585,3.13E-08,12.33628198,263.9168737,6668.490117,44.93070197,7563.429803,9864.387684,0.766740932,0.006737762,-7.799882231,12045.58563,1
5.083931,0.023714415,5.083903439,5.083986303,0.235,1.447519905,12.73615037,1.058224724,1.058241972,1.000010878,1.058236235,0.00016958,2.75E-08,8.878415722,143.4699442,6702.613253,46.15243739,7581.936903,9831.914924,0.771155666,0.006885738,-10.19763047,11640.34503,1
5.08388,0.023310082,5.083853358,5.083933434,0.235,1.268294612,11.55685911,1.058235728,1.058252397,1.00001051,1.058246851,0.000166519,2.66E-08,7.219566325,93.81228705,6721.631132,45.49816536,7590.243895,9821.674068,0.772805516,0.006768917,-10.59494464,11947.06481,1
5.083638,0.02279774,5.083612482,5.083689113,0.21,0.703922865,6.788504513,1.050418285,1.050434119,1.000010054,1.050428846,0.000157101,2.73E-08,9.996872415,188.9283701,6742.617978,44.14224333,7606.968588,9828.613088,0.773961547,0.006546751,-11.20213737,12628.70434,1
5.083718,0.022892551,5.083692267,5.083769538,0.23,0.653573537,7.072027832,1.052368712,1.052384708,1.000010138,1.052379381,0.000162446,2.60E-08,7.761662304,112.8048125,6777.419642,44.56846561,7626.34724,9813.756858,0.777107824,0.006576023,-12.19050154,12423.15281,1
5.083765,0.023323147,5.083738299,5.083818495,0.255,0.793983294,10.26790942,1.060226679,1.060243404,1.000010523,1.060237836,0.000157353,2.96E-08,12.46962751,283.5084857,6729.136886,44.331767,7600.728697,9838.848985,0.772522142,0.006588032,-10.3734542,12356.01676,1
5.083922,0.023562967,5.083894758,5.083976599,0.265,0.9458102,11.74083359,1.064127636,1.064144767,1.00001074,1.064139064,0.000169191,2.69E-08,7.491737568,105.5350572,6729.293698,45.75410885,7593.195789,9814.748603,0.773651583,0.006799244,-10.72424902,11776.68501,1
5.083653,0.024262408,5.083624183,5.083710892,0.265,1.932975658,20.80583749,1.070084455,1.070102707,1.000011388,1.070096641,0.000177853,2.72E-08,7.804164462,116.1384479,6700.144843,47.2030236,7577.589321,9821.70379,0.771514748,0.007045075,-10.10045662,11085.32841,1
5.083531,0.024195879,5.083502338,5.083588576,0.275,1.903105678,20.2570334,1.070110202,1.070128356,1.000011326,1.070122322,0.000170324,2.95E-08,8.404669931,121.3972741,6676.956332,46.40819579,7564.823482,9835.536163,0.769131785,0.006950502,-9.090807561,11329.82533,1
5.083839,0.024278612,5.08381011,5.083896967,0.26,1.415963736,16.7693226,1.064144304,1.064162485,1.000011402,1.064156438,0.000178673,2.70E-08,6.403052168,74.45323702,6692.032748,46.97016717,7558.504553,9786.427997,0.772345595,0.007018819,-9.983231943,11133.60071,1
5.083698,0.023846209,5.08367012,5.083753922,0.26,1.287229718,14.85141964,1.064174247,1.064191789,1.000011,1.064185953,0.000172008,2.73E-08,7.849597687,114.1479167,6718.982765,46.07809895,7582.105428,9799.108762,0.773754595,0.006857898,-10.72304097,11544.3939,1
5.08365,0.023312483,5.083623323,5.083703447,0.245,0.795194829,8.856447421,1.062217743,1.062234485,1.000010514,1.06222891,0.000165832,2.68E-08,7.530414067,98.2542475,6733.046346,45.26916336,7595.497126,9815.583233,0.773820256,0.00672343,-10.82412441,12040.64643,1
5.083937,0.02393214,5.083908914,5.083993323,0.26,1.194879224,15.57977287,1.064124136,1.064141803,1.000011079,1.064135925,0.000175516,2.65E-08,5.622647826,55.88225673,6713.764148,46.4955331,7575.727232,9791.349056,0.773716389,0.006925405,-10.67748975,11399.92985,1
5.084564,0.024038879,5.084535693,5.08462082,0.275,1.591261266,18.32598488,1.069892956,1.069910869,1.000011175,1.069904912,0.000164049,3.09E-08,10.83549692,199.7057539,6709.125573,45.65677114,7597.316547,9864.167437,0.770193389,0.006805175,-9.611073593,11624.73389,1
5.084982,0.024693332,5.084952168,5.085041951,0.28,2.04348432,23.2532398,1.071770902,1.071789826,1.00001179,1.071783538,0.000185116,2.67E-08,6.986534251,100.2346524,6733.525824,47.75079705,7593.269511,9801.607492,0.774696346,0.0070915,-10.64466783,10728.07482,1
5.084747,0.024336705,5.084718026,5.084805234,0.265,2.128356215,23.53154954,1.071820797,1.07183918,1.000011453,1.071833073,0.000178835,2.72E-08,7.819210925,111.9935268,6722.028763,46.95408866,7583.778983,9794.584612,0.77428286,0.006985107,-10.83905049,11117.48769,1
5.084902,0.024146816,5.084873432,5.084959327,0.275,1.461607621,14.23294667,1.071788317,1.071806422,1.000011274,1.0718004,0.000170398,2.93E-08,8.419100254,116.9834128,6669.911769,46.23076109,7551.862798,9809.980935,0.769814218,0.00693124,-9.373684197,11422.49277,1
5.084827,0.024314794,5.084798027,5.084885128,0.28,1.361457135,15.20951768,1.065904118,1.065922377,1.000011432,1.065916304,0.000178213,2.74E-08,8.393943137,132.4860705,6684.308064,47.18804345,7561.392419,9799.23413,0.771630958,0.007059526,-10.41321872,11087.61261,1
5.084465,0.023717715,5.084437444,5.084520313,0.29,1.61630197,18.47073163,1.069914105,1.069931543,1.000010879,1.069925744,0.000165747,2.88E-08,10.68684497,205.5718443,6705.577695,45.53280987,7581.107521,9818.700099,0.772109082,0.006790289,-10.59369644,11806.80497,1
5.084853,0.023436154,5.084826058,5.084907003,0.275,1.005048007,11.91317431,1.069832742,1.069849772,1.00001062,1.069844104,0.000168007,2.67E-08,7.119210473,94.74146418,6755.258785,45.27977902,7605.060501,9781.815526,0.777469221,0.006702893,-12.74578381,12016.01405,1
5.084939,0.023800692,5.084911199,5.084994695,0.24,0.747248642,9.057751952,1.056048299,1.05606564,1.000010953,1.056059866,0.000171911,2.71E-08,7.130619921,90.25482024,6726.042887,46.12241584,7590.384303,9800.324247,0.774503385,0.006857288,-11.50917396,11581.1697,1
5.084873,0.024428335,5.084843764,5.084931672,0.28,1.4727049,16.90988349,1.075727336,1.075745933,1.000011539,1.075739748,0.000166365,3.20E-08,11.69539941,232.7332048,6658.553523,46.12682909,7558.149762,9848.378977,0.767451149,0.006927455,-8.771699958,11413.44872,1
5.084968,0.024120886,5.084939461,5.085025203,0.295,0.980045982,15.11716151,1.075707549,1.075725688,1.00001125,1.075719651,0.000174089,2.79E-08,6.930731546,86.7892514,6731.71393,46.58134569,7601.303334,9806.956493,0.775093001,0.006919686,-12.38994348,11401.50235,1
5.084608,0.024126014,5.084579431,5.084665232,0.25,0.726732549,9.82368983,1.058083424,1.058101279,1.000011256,1.058095334,0.000171958,2.86E-08,9.144959571,170.4522421,6710.576139,46.39150363,7586.009206,9809.844337,0.773305768,0.006913192,-11.53883354,11446.18851,1
5.084759,0.024079034,5.084730575,5.084816007,0.245,1.214172238,11.47613012,1.060018689,1.0600365,1.000011211,1.060030574,0.000171086,2.87E-08,8.884832101,139.4583647,6685.573571,46.21526498,7561.808279,9800.422983,0.771579787,0.006912685,-10.43977223,11528.8442,1
5.085031,0.023546857,5.085003808,5.085085513,0.245,1.06376073,10.97449822,1.061929045,1.061946107,1.00001072,1.061940429,0.000167335,2.74E-08,9.929801301,196.4243368,6699.265501,45.51097651,7566.904573,9782.98617,0.773475955,0.006793428,-11.49695791,11942.61118,1
5.085079,0.023822899,5.085051195,5.085134798,0.265,1.482674622,14.92787465,1.069784817,1.069802405,1.000010973,1.069796556,0.000160841,3.09E-08,13.47818481,331.27387,6677.112732,45.19625248,7568.616891,9835.024504,0.769557502,0.006768832,-10.02878567,11936.10046,1
5.085063,0.024144861,5.085034436,5.085120316,0.27,1.430069615,14.1383985,1.069787864,1.069805931,1.000011271,1.069799922,0.000174089,2.80E-08,8.553874097,138.1447626,6712.250961,46.53828506,7582.555616,9796.034463,0.774043379,0.006933335,-11.77892207,11412.24294,1
5.085082,0.024573027,5.085052424,5.085141367,0.275,1.565916818,17.40827182,1.071749949,1.071768695,1.000011675,1.071762461,0.000178864,2.84E-08,7.472443141,104.0181607,6689.97983,47.26850362,7566.208638,9796.042325,0.772374025,0.007065567,-10.93963456,11068.58169,1
5.084948,0.024325634,5.084919016,5.085006179,0.28,1.579883049,18.96614053,1.071778442,1.071796814,1.000011441,1.071790705,0.000165024,3.19E-08,14.17254355,364.5986796,6652.967137,45.95798452,7553.867941,9844.097212,0.767349994,0.006907893,-9.100637027,11609.97553,1
5.084661,0.024067468,5.084632581,5.084717954,0.255,0.903870922,11.5870878,1.062005808,1.06202364,1.000011201,1.062017704,0.000172944,2.80E-08,7.704633592,105.5513964,6710.251708,46.30562738,7577.980431,9797.152386,0.773488064,0.006900729,-11.09298308,11504.65036,1
5.08519,0.024919591,5.085159582,5.085251052,0.27,1.500001481,14.44265384,1.06779389,1.067813097,1.000012006,1.067806709,0.000179407,2.99E-08,13.08025894,337.2070023,6687.423909,47.71427218,7577.038641,9838.743357,0.770122603,0.007134926,-9.886179309,10817.0808,1
5.085339,0.024217839,5.085310256,5.08539666,0.27,1.30099863,13.77022845,1.067763316,1.067781458,1.000011338,1.067775423,0.000173701,2.85E-08,10.72190968,232.4253041,6696.517922,46.70152855,7576.252304,9809.78183,0.772316086,0.006974002,-11.20900542,11335.12429,1
5.085181,0.024348851,5.085151953,5.085239287,0.28,1.453583179,19.11342964,1.071729311,1.071747718,1.000011462,1.071741596,0.000174896,2.87E-08,8.680711944,142.2286415,6684.375284,46.6789782,7559.053538,9783.636952,0.77262204,0.006983297,-11.16019929,11293.75362,1
5.08503,0.025217904,5.084998879,5.085092524,0.275,1.894170256,21.93438508,1.071760243,1.071779981,1.000012296,1.071773421,0.000171575,3.41E-08,12.48683367,260.5748367,6629.026389,46.97319668,7536.854426,9842.669814,0.76573273,0.007085987,-8.246678406,11042.4234,1
5.084965,0.024276279,5.084936118,5.085022943,0.25,1.344124037,15.39753541,1.06587523,1.06589343,1.000011395,1.065887376,0.000171531,2.95E-08,10.24487296,199.1732353,6712.928229,46.41882499,7591.116101,9816.590592,0.77329456,0.00691484,-11.81182457,11485.38754,1
5.085265,0.024087503,5.085236565,5.085322042,0.26,1.333815654,15.61515567,1.06581254,1.065830455,1.000011217,1.065824495,0.000170025,2.91E-08,14.04498021,421.7099577,6688.041274,46.23721193,7569.928537,9808.407759,0.771779551,0.006913416,-11.03944829,11504.56625,1
5.085477,0.024493927,5.085447617,5.085535981,0.275,1.566010311,17.13885137,1.071666786,1.071685407,1.000011598,1.071679215,0.000170048,3.11E-08,18.43514655,679.6068624,6645.175441,46.57357974,7544.149047,9825.842,0.767786521,0.007008631,-9.275932635,11267.72095,1
5.085231,0.023633504,5.08520362,5.085285912,0.27,1.239294968,12.57674751,1.071719485,1.071736829,1.000010798,1.071731058,0.000160024,3.02E-08,16.28144862,507.4546639,6697.192874,44.90261428,7579.713798,9820.484192,0.771826893,0.006704692,-11.35951439,12220.9825,1
5.085311,0.023601673,5.085283694,5.085365764,0.27,1.246814733,13.67663032,1.067769803,1.067787035,1.000010769,1.067781302,0.000149566,3.33E-08,21.05069177,732.3071332,6634.047542,43.74141721,7536.777621,9832.761998,0.766496496,0.006593474,-9.173288745,12794.71454,1
5.085514,0.024168869,5.085485384,5.085571425,0.27,1.477907712,16.6603181,1.067726622,1.067744687,1.000011292,1.067738679,0.000164317,3.14E-08,18.57228348,594.7391585,6639.24531,45.68972112,7535.513871,9820.807471,0.767300845,0.006881764,-9.07272441,11822.26772,1
5.085251,0.024344533,5.08522195,5.085309266,0.245,1.239207802,12.23919929,1.059915871,1.05993407,1.000011458,1.059928015,0.000170314,3.03E-08,16.95145274,600.9610168,6683.37212,46.24127762,7564.538318,9812.861531,0.770879961,0.006918854,-10.17251703,11473.6668,1
5.08523,0.024856566,5.085199731,5.085290743,0.275,1.440249777,15.22398015,1.067785555,1.067804666,1.000011945,1.06779831,0.000165473,3.44E-08,27.62674145,1296.843833,6598.653931,46.4446337,7521.847717,9865.809998,0.762415627,0.007038501,-6.975786214,11268.03176,1
5.085479,0.024325084,5.085450003,5.08553717,0.275,1.319002131,14.31074468,1.067733814,1.067752116,1.000011438,1.067746027,0.000169877,3.03E-08,16.21271568,495.9624454,6644.957256,46.4102306,7538.880219,9808.212272,0.76862939,0.006984278,-9.806680397,11427.6066,1
5.085696,0.024319842,5.085667024,5.085754143,0.255,1.426764798,15.12952718,1.067688262,1.067706551,1.000011433,1.067700468,0.000170561,3.00E-08,13.48748528,390.0900206,6676.742998,46.35233222,7561.466247,9806.655244,0.77105456,0.006942357,-10.76060479,11447.1819,1
5.086032,0.024735726,5.086002039,5.086092144,0.27,1.586108337,18.21627306,1.067617307,1.067636222,1.000011825,1.067629932,0.000176893,2.99E-08,11.67409506,277.4482639,6652.54689,47.22346495,7540.766938,9799.02786,0.769542351,0.007098554,-9.87041804,11034.09922,1
5.086286,0.024850512,5.086255788,5.086346701,0.28,1.956367477,24.75263961,1.071495972,1.071515124,1.000011934,1.071508759,0.000181609,2.88E-08,11.34912198,276.8723917,6683.239978,47.80290818,7566.260636,9804.607381,0.771704602,0.007152655,-10.81477463,10785.22511,1
5.085924,0.024229836,5.085895288,5.085981711,0.26,2.166239612,25.66596979,1.071572866,1.071591075,1.000011347,1.071585026,0.000162676,3.22E-08,15.21583712,405.4422049,6660.43524,45.44270718,7553.517306,9829.616887,0.768444731,0.006822783,-9.174722818,11713.52896,1
5.08555,0.023394705,5.08552316,5.085603805,0.26,1.048719498,10.57386206,1.065753489,1.06577039,1.00001058,1.065764765,0.000164693,2.76E-08,9.978978171,183.7943566,6721.829498,45.10157908,7585.12827,9787.585286,0.774974424,0.006709718,-12.21302727,12125.09077,1
5.085439,0.023490902,5.085411921,5.085493249,0.22,0.76309834,6.924795065,1.050045637,1.05006243,1.000010668,1.050056839,0.000165541,2.78E-08,9.50490479,167.9411596,6738.515237,45.17560444,7598.410499,9793.713351,0.775845711,0.006704089,-12.46843371,12097.96366,1
5.085524,0.024038786,5.085495678,5.085580809,0.265,1.265648179,12.25408189,1.065758308,1.065776149,1.000011171,1.065770214,0.000162053,3.15E-08,12.07796114,246.3765297,6653.645746,45.2059486,7541.984201,9810.147969,0.768794133,0.006794162,-9.476632587,11967.04898,1
5.085583,0.024530803,5.085553507,5.085642157,0.265,1.256673177,15.25801882,1.065745452,1.06576403,1.000011632,1.065757849,0.000178932,2.82E-08,7.870690457,117.1695885,6668.202202,47.27434392,7546.850009,9782.680903,0.771450084,0.007089519,-10.56999172,11025.77991,1
5.085237,0.023539313,5.085209814,5.085291475,0.255,0.859838197,9.397219399,1.061886035,1.061903087,1.000010712,1.06189741,0.00016075,2.96E-08,12.21719972,273.4485469,6696.371156,44.75696482,7569.865076,9796.784738,0.772688722,0.006683764,-11.26051358,12197.90801,1
5.085228,0.022967385,5.085202131,5.085279861,0.21,1.075561826,7.541180257,1.05402262,1.054038731,1.000010198,1.054033369,0.000158738,2.75E-08,9.599955176,171.5933042,6736.735546,44.21157166,7595.876863,9787.767089,0.776058195,0.006562759,-12.94177907,12653.63449,1
5.085305,0.023341839,5.085278301,5.085358565,0.25,1.404148002,11.63543408,1.061872026,1.061888786,1.000010533,1.061883211,0.0001629,2.79E-08,9.083074796,153.0561445,6731.619981,44.94618181,7597.100092,9797.764568,0.775391166,0.006676875,-12.80984242,12278.10171,1
5.08517,0.023484596,5.085142972,5.085224223,0.255,1.382401739,12.99220886,1.06386656,1.063883558,1.000010663,1.063877904,0.000152118,3.20E-08,14.34320311,381.2896276,6696.595635,43.98718041,7587.089656,9849.228696,0.770323229,0.006568588,-10.51397088,12526.04805,1
5.085202,0.024009516,5.08517373,5.085258674,0.265,1.054859792,12.68187838,1.063859352,1.063877123,1.000011145,1.063871209,0.00017259,2.79E-08,8.987017528,161.1821838,6695.871792,46.35912905,7568.827772,9792.054614,0.772956041,0.006923539,-11.31042664,11503.30698,1
5.084783,0.024454707,5.084753667,5.0848418,0.265,0.998949852,14.57241915,1.063946572,1.063965013,1.000011564,1.063958875,0.000177488,2.83E-08,7.676605118,114.8379208,6672.340582,46.96052776,7546.199704,9776.09625,0.771903172,0.007038089,-10.54865862,11153.63706,1
5.084689,0.024460644,5.084659665,5.08474783,0.27,1.192170296,16.61259569,1.0659329,1.065951383,1.00001157,1.065945233,0.000173559,2.97E-08,9.433343525,178.2027038,6685.463879,46.5216526,7560.775846,9805.05245,0.771110189,0.006958627,-9.692123203,11279.47071,1
5.084989,0.023753238,5.08496133,5.085044473,0.275,1.073447166,14.25441166,1.067837269,1.067854728,1.000010909,1.067848918,0.000171056,2.71E-08,6.459583934,74.67708074,6729.498711,45.87136369,7588.627828,9789.396153,0.775188552,0.006816461,-11.69712326,11711.15278,1
5.084913,0.023313232,5.084886344,5.084966437,0.26,1.059923257,9.795399713,1.067853656,1.067870476,1.000010509,1.067864878,0.000153379,3.08E-08,14.27394516,354.4290608,6690.132006,44.00195504,7575.047404,9831.370162,0.770497629,0.006577143,-10.37461568,12568.42825,1
5.085031,0.024009929,5.085002737,5.085087678,0.27,1.173608248,12.28048934,1.065861661,1.065879466,1.000011146,1.065873541,0.000172248,2.80E-08,8.972016845,153.1775064,6698.069198,46.2889694,7569.913173,9792.683937,0.773017206,0.006910793,-11.19893434,11506.46212,1
5.085268,0.024225748,5.085239235,5.085325699,0.27,1.281628548,14.74989672,1.065811773,1.065829895,1.000011346,1.065823866,0.000176036,2.77E-08,8.920304126,159.9304316,6692.587806,46.88573034,7568.248921,9793.900271,0.772751275,0.007005621,-11.29664564,11257.57445,1
5.08487,0.023838203,5.084842144,5.084925872,0.24,1.269987936,12.40637309,1.061962384,1.06197987,1.000010988,1.061974052,0.000161155,3.08E-08,11.56486191,230.9753954,6669.378589,45.19478405,7560.10154,9830.053291,0.769080423,0.006776461,-9.641875877,11939.29925,1
5.084718,0.02395867,5.084689874,5.084774439,0.24,1.457149618,14.3343827,1.061994011,1.062011673,1.0000111,1.062005799,0.000173337,2.73E-08,7.658640841,111.8079115,6690.402422,46.34951991,7560.099727,9778.665559,0.773121821,0.006927763,-11.20250661,11469.90044,1
5.084901,0.024032227,5.084872689,5.084957784,0.245,1.256718575,12.49398792,1.061955719,1.061973491,1.000011167,1.061967578,0.000172269,2.81E-08,7.335280237,94.17016231,6701.376569,46.3057886,7573.335099,9791.914619,0.773427404,0.006909892,-11.44631468,11448.90705,1
5.084923,0.024014407,5.084894706,5.0849797,0.22,0.8758449,8.553403457,1.052118261,1.052135847,1.000011151,1.052129993,0.000172996,2.77E-08,8.885398248,158.9866894,6710.761782,46.32166225,7578.750641,9791.038477,0.774049725,0.006902594,-11.63183087,11501.99663,1
5.08474,0.024030192,5.084711683,5.084796777,0.28,1.10273972,12.57478696,1.069855933,1.069873837,1.000011166,1.069867879,0.000174929,2.71E-08,7.688497288,115.6706721,6720.664788,46.52802181,7585.708158,9787.696772,0.775024843,0.006923128,-12.0876276,11411.62258,1
5.08449,0.023610499,5.084462676,5.084544813,0.28,1.353338335,16.34935114,1.069908949,1.069926233,1.000010781,1.069920484,0.000156891,3.11E-08,10.58629295,197.6729341,6702.100472,44.57411139,7588.282333,9842.021174,0.771008536,0.006650767,-10.51870169,12170.0969,1
5.084492,0.023253731,5.084465477,5.084545169,0.245,1.059471221,10.64602993,1.062041898,1.062058544,1.000010457,1.062053004,0.000166354,2.64E-08,7.332017805,98.03919242,6735.304305,45.15334517,7590.799668,9784.904304,0.775766367,0.00670398,-12.02219793,12095.70702,1
5.084509,0.023001561,5.084483017,5.084561022,0.205,0.493504243,4.497829289,1.042371205,1.042387197,1.000010232,1.04238187,0.000161628,2.68E-08,6.510386081,75.07993014,6771.578771,44.34629924,7617.194902,9781.560071,0.778730064,0.006548886,-13.65258477,12571.35866,1
5.084975,0.023184329,5.084948619,5.085027848,0.225,0.74006224,6.041129886,1.050141742,1.050158104,1.000010393,1.050152656,0.00015694,2.91E-08,10.16974668,198.5113427,6750.870593,44.15664064,7615.651474,9824.037508,0.775205863,0.006540881,-12.28114542,12597.44451,1
5.085003,0.023509897,5.08497589,5.085057342,0.25,1.004269534,8.645731247,1.058001835,1.058018782,1.000010687,1.058013142,0.000167991,2.70E-08,9.166251677,170.7511231,6726.023882,45.53401157,7588.242945,9799.270263,0.774368166,0.006769826,-11.44133582,11942.71146,1
5.084725,0.023627954,5.08469762,5.084779892,0.25,1.070781544,10.70970923,1.058059565,1.058076685,1.000010795,1.058070987,0.000166066,2.82E-08,10.03611899,204.6433711,6707.632777,45.45144786,7578.40304,9806.773405,0.77277232,0.006776079,-10.69722787,11798.08211,1
